,Mean,Standard Deviation,Minimum,Maximum
Actual Flight Time (min),1559.7943934562754,7737.517433302945,16.0,44617.0
Fuel Consumption (kg),4496.240660895769,2258.8406767705083,2313.35168,10832.15148
CO₂ Emissions (kg),14208.12048843063,7137.936538594806,7310.191308799999,34229.5986768
Route Distance (NM),462.97814206590493,331.6703031299745,178.92,1267.09
PBN Implementation Index,0.5325027522203146,0.3305180664596716,0.0,1.0
